
INSERT INTO residents (resident_id, full_name, first_name, last_name, middle_name, gender, image_base64, fingerprint_base64, date_of_birth, civil_status, educational_attainment_id, occupation_id, nationality_id, religion_id, benefit_id, isPersonwithDisability, isOFW, additional_income, is_archived) VALUES
(2, 'Angelo Miguel Santos Reyes', 'Angelo Miguel', 'Reyes', 'Santos', 'Male', 'base64encodedimage', 'base64encodedfingerprint', '1995-03-15', 'Single', 7, 3, 1, 1, 1, 'No', 'No', 'N/A', FALSE),
(3, 'Maria Isabella Gonzales Tan', 'Maria Isabella', 'Tan', 'Gonzales', 'Female', 'base64encodedimage', 'base64encodedfingerprint', '1988-07-22', 'Married', 6, 4, 2, 1, 1, 'No', 'No', 'Online Business', FALSE),
(4, 'Gabriel Marcus Lim Cruz', 'Gabriel Marcus', 'Cruz', 'Lim', 'Male', 'base64encodedimage', 'base64encodedfingerprint', '2000-11-30', 'Single', 5, 1, 1, 2, 1, 'No', 'No', 'N/A', FALSE),
(5, 'Sofia Andrea Magtanggol Pascual', 'Sofia Andrea', 'Pascual', 'Magtanggol', 'Female', 'base64encodedimage', 'base64encodedfingerprint', '1992-08-12', 'Married', 7, 2, 1, 1, 1, 'No', 'Yes', 'Remittance', FALSE),
(6, 'Rafael Antonio Dela Torre Santos', 'Rafael Antonio', 'Santos', 'Dela Torre', 'Male', 'base64encodedimage', 'base64encodedfingerprint', '1987-04-25', 'Married', 8, 5, 3, 3, 1, 'No', 'No', 'Rental Property', FALSE),
(7, 'Samantha Nicole Yu Garcia', 'Samantha Nicole', 'Garcia', 'Yu', 'Female', 'base64encodedimage', 'base64encodedfingerprint', '1998-09-03', 'Single', 6, 6, 2, 1, 1, 'No', 'No', 'Part-time Tutor', FALSE),
(8, 'Marco Paolo Villanueva Lee', 'Marco Paolo', 'Lee', 'Villanueva', 'Male', 'base64encodedimage', 'base64encodedfingerprint', '1990-12-18', 'Married', 9, 7, 4, 2, 2, 'No', 'No', 'N/A', FALSE),
(9, 'Jana Victoria Reyes Lim', 'Jana Victoria', 'Lim', 'Reyes', 'Female', 'base64encodedimage', 'base64encodedfingerprint', '1995-06-30', 'Single', 7, 8, 2, 4, 1, 'No', 'No', 'Online Selling', FALSE),
(10, 'Christian James Tan Mendoza', 'Christian James', 'Mendoza', 'Tan', 'Male', 'base64encodedimage', 'base64encodedfingerprint', '1985-02-14', 'Married', 7, 9, 1, 3, 1, 'Yes', 'No', 'N/A', FALSE),
(11, 'Sophia Marie Aguirre Santos', 'Sophia Marie', 'Santos', 'Aguirre', 'Female', 'base64encodedimage', 'base64encodedfingerprint', '1993-11-07', 'Single', 8, 2, 1, 1, 1, 'No', 'Yes', 'Remittance', FALSE),
(12, 'Lucas Gabriel Sy Reyes', 'Lucas Gabriel', 'Reyes', 'Sy', 'Male', 'base64encodedimage', 'base64encodedfingerprint', '1989-08-21', 'Married', 6, 3, 2, 2, 1, 'No', 'No', 'Small Business', FALSE),
(13, 'Arabella Madison Lao Cruz', 'Arabella Madison', 'Cruz', 'Lao', 'Female', 'base64encodedimage', 'base64encodedfingerprint', '1997-04-15', 'Single', 7, 4, 2, 1, 1, 'No', 'No', 'Freelance Work', FALSE),
(14, 'Ethan Xavier Go Tan', 'Ethan Xavier', 'Tan', 'Go', 'Male', 'base64encodedimage', 'base64encodedfingerprint', '1986-01-29', 'Married', 9, 5, 2, 5, 1, 'No', 'No', 'N/A', FALSE),
(15, 'Katrina Isabel Chua Garcia', 'Katrina Isabel', 'Garcia', 'Chua', 'Female', 'base64encodedimage', 'base64encodedfingerprint', '1994-10-12', 'Single', 7, 6, 1, 1, 3, 'No', 'No', 'Part-time Shop', FALSE),
(16, 'Adrian Matthew Ong Pascual', 'Adrian Matthew', 'Pascual', 'Ong', 'Male', 'base64encodedimage', 'base64encodedfingerprint', '1991-05-23', 'Married', 7, 7, 2, 2, 1, 'No', 'No', 'Stock Investment', FALSE),
(17, 'Bianca Daniella Santos Lim', 'Bianca Daniella', 'Lim', 'Santos', 'Female', 'base64encodedimage', 'base64encodedfingerprint', '1996-12-08', 'Single', 6, 8, 1, 1, 1, 'No', 'Yes', 'Remittance', FALSE),
(18, 'Carlos Miguel Que Reyes', 'Carlos Miguel', 'Reyes', 'Que', 'Male', 'base64encodedimage', 'base64encodedfingerprint', '1988-07-17', 'Divorced', 8, 9, 2, 3, 5, 'No', 'No', 'N/A', FALSE),
(19, 'Diana Rose Co Garcia', 'Diana Rose', 'Garcia', 'Co', 'Female', 'base64encodedimage', 'base64encodedfingerprint', '1993-03-30', 'Single', 7, 2, 2, 1, 1, 'No', 'No', 'YouTube Channel', FALSE),
(20, 'Emmanuel Joseph Cheng Santos', 'Emmanuel Joseph', 'Santos', 'Cheng', 'Male', 'base64encodedimage', 'base64encodedfingerprint', '1984-09-14', 'Married', 9, 3, 2, 4, 1, 'Yes', 'No', 'Rental Income', FALSE),
(21, 'Frances Alexandra Lim Cruz', 'Frances Alexandra', 'Cruz', 'Lim', 'Female', 'base64encodedimage', 'base64encodedfingerprint', '1997-02-28', 'Single', 6, 4, 1, 1, 1, 'No', 'No', 'Online Business', FALSE),
(22, 'Gerald Anthony Dy Tan', 'Gerald Anthony', 'Tan', 'Dy', 'Male', 'base64encodedimage', 'base64encodedfingerprint', '1989-11-11', 'Married', 7, 5, 2, 2, 1, 'No', 'No', 'Consulting', FALSE),
(23, 'Hannah Victoria Gao Lopez', 'Hannah Victoria', 'Lopez', 'Gao', 'Female', 'base64encodedimage', 'base64encodedfingerprint', '1995-08-05', 'Single', 8, 6, 2, 1, 1, 'No', 'Yes', 'Remittance', FALSE),
(24, 'Ian Christopher Te Reyes', 'Ian Christopher', 'Reyes', 'Te', 'Male', 'base64encodedimage', 'base64encodedfingerprint', '1983-04-19', 'Widowed', 7, 7, 1, 3, 5, 'No', 'No', 'Pension', FALSE),
(25, 'Julia Marianne Ang Santos', 'Julia Marianne', 'Santos', 'Ang', 'Female', 'base64encodedimage', 'base64encodedfingerprint', '1992-12-03', 'Single', 9, 8, 2, 1, 1, 'No', 'No', 'Digital Art', FALSE),
(26, 'Kenneth Daniel Ty Garcia', 'Kenneth Daniel', 'Garcia', 'Ty', 'Male', 'base64encodedimage', 'base64encodedfingerprint', '1987-06-25', 'Married', 7, 9, 2, 5, 1, 'No', 'No', 'Food Business', FALSE),
(27, 'Leah Patricia Wu Cruz', 'Leah Patricia', 'Cruz', 'Wu', 'Female', 'base64encodedimage', 'base64encodedfingerprint', '1994-01-09', 'Single', 6, 2, 2, 1, 1, 'No', 'No', 'Freelancing', FALSE),
(28, 'Marcus Benedict Sia Tan', 'Marcus Benedict', 'Tan', 'Sia', 'Male', 'base64encodedimage', 'base64encodedfingerprint', '1986-10-22', 'Married', 8, 3, 2, 2, 2, 'Yes', 'No', 'N/A', FALSE),
(29, 'Nicole Angela Po Reyes', 'Nicole Angela', 'Reyes', 'Po', 'Female', 'base64encodedimage', 'base64encodedfingerprint', '1998-05-16', 'Single', 7, 4, 1, 1, 1, 'No', 'No', 'Online Shop', FALSE),
(30, 'Oscar Rafael Kho Santos', 'Oscar Rafael', 'Santos', 'Kho', 'Male', 'base64encodedimage', 'base64encodedfingerprint', '1985-07-31', 'Married', 9, 5, 2, 3, 1, 'No', 'Yes', 'Remittance', FALSE),
(31, 'Patricia Michelle See Mendoza', 'Patricia Michelle', 'Mendoza', 'See', 'Female', 'base64encodedimage', 'base64encodedfingerprint', '1990-04-13', 'Single', 7, 6, 2, 1, 1, 'No', 'No', 'Tutoring', FALSE),
(32, 'Quincy Martin Yao Garcia', 'Quincy Martin', 'Garcia', 'Yao', 'Male', 'base64encodedimage', 'base64encodedfingerprint', '1982-11-27', 'Married', 8, 7, 2, 2, 1, 'No', 'No', 'Cryptocurrency', FALSE),
(33, 'Rachel Anne Tiu Santos', 'Rachel Anne', 'Santos', 'Tiu', 'Female', 'base64encodedimage', 'base64encodedfingerprint', '1996-08-09', 'Single', 6, 8, 1, 1, 1, 'No', 'Yes', 'Remittance', FALSE),
(34, 'Sebastian Paolo Uy Cruz', 'Sebastian Paolo', 'Cruz', 'Uy', 'Male', 'base64encodedimage', 'base64encodedfingerprint', '1988-03-24', 'Divorced', 7, 9, 2, 4, 5, 'No', 'No', 'Rental Units', FALSE),
(35, 'Theresa Marie Lao Reyes', 'Theresa Marie', 'Reyes', 'Lao', 'Female', 'base64encodedimage', 'base64encodedfingerprint', '1993-12-06', 'Single', 9, 2, 2, 1, 1, 'No', 'No', 'Vlogging', FALSE),
(36, 'Ulysses Vincent Chua Tan', 'Ulysses Vincent', 'Tan', 'Chua', 'Male', 'base64encodedimage', 'base64encodedfingerprint', '1981-05-20', 'Married', 7, 3, 2, 3, 1, 'Yes', 'No', 'Stock Trading', FALSE),
(37, 'Victoria Regina Go Lopez', 'Victoria Regina', 'Lopez', 'Go', 'Female', 'base64encodedimage', 'base64encodedfingerprint', '1997-09-02', 'Single', 6, 4, 1, 1, 1, 'No', 'No', 'Freelance Writing', FALSE),
(38, 'William Marcus Sy Garcia', 'William Marcus', 'Garcia', 'Sy', 'Male', 'base64encodedimage', 'base64encodedfingerprint', '1984-01-15', 'Married', 8, 5, 2, 2, 1, 'No', 'No', 'Tech Consulting', FALSE),
(39, 'Xyra Denise Que Santos', 'Xyra Denise', 'Santos', 'Que', 'Female', 'base64encodedimage', 'base64encodedfingerprint', '1995-06-28', 'Single', 7, 6, 1, 1, 1, 'No', 'Yes', 'Remittance', FALSE),
(40, 'Zachary Paul Co Reyes', 'Zachary Paul', 'Reyes', 'Co', 'Male', 'base64encodedimage', 'base64encodedfingerprint', '1986-10-11', 'Married', 9, 7, 2, 5, 2, 'No', 'No', 'Photography', FALSE),
(41, 'Abigail Grace Cheng Cruz', 'Abigail Grace', 'Cruz', 'Cheng', 'Female', 'base64encodedimage', 'base64encodedfingerprint', '1992-07-23', 'Single', 7, 8, 2, 1, 1, 'No', 'No', 'Graphic Design', FALSE),
(42, 'Benjamin David Lim Tan', 'Benjamin David', 'Tan', 'Lim', 'Male', 'base64encodedimage', 'base64encodedfingerprint', '1983-02-05', 'Married', 8, 9, 2, 2, 1, 'No', 'No', 'Food Cart Business', FALSE),
(43, 'Camille Sofia Dy Garcia', 'Camille Sofia', 'Garcia', 'Dy', 'Female', 'base64encodedimage', 'base64encodedfingerprint', '1998-11-19', 'Single', 6, 2, 1, 1, 1, 'No', 'No', 'Social Media Managing', FALSE),
(44, 'Dominic Rafael Gao Santos', 'Dominic Rafael', 'Santos', 'Gao', 'Male', 'base64encodedimage', 'base64encodedfingerprint', '1987-04-02', 'Widowed', 7, 3, 2, 3, 5, 'Yes', 'No', 'Pension', FALSE),
(45, 'Eleanor Jane Te Lopez', 'Eleanor Jane', 'Lopez', 'Te', 'Female', 'base64encodedimage', 'base64encodedfingerprint', '1994-08-14', 'Single', 9, 4, 1, 1, 1, 'No', 'Yes', 'Remittance', FALSE),
(46, 'Andrei Gabriel Santos Reyes', 'Andrei Gabriel', 'Reyes', 'Santos', 'Male', 'base64encodedimage', 'base64encodedfingerprint', '2015-05-20', 'Single', 2, 1, 1, 1, 1, 'No', 'No', 'N/A', FALSE),
(47, 'Maria Sofia Cruz Tan', 'Maria Sofia', 'Tan', 'Cruz', 'Female', 'base64encodedimage', 'base64encodedfingerprint', '2020-03-15', 'Single', 1, 1, 1, 1, 1, 'No', 'No', 'N/A', FALSE),
(48, 'Miguel Angelo Lim Garcia', 'Miguel Angelo', 'Garcia', 'Lim', 'Male', 'base64encodedimage', 'base64encodedfingerprint', '2008-11-30', 'Single', 4, 1, 1, 1, 1, 'No', 'No', 'N/A', FALSE),
(49, 'Isabella Claire Yu Santos', 'Isabella Claire', 'Santos', 'Yu', 'Female', 'base64encodedimage', 'base64encodedfingerprint', '2012-08-25', 'Single', 3, 1, 2, 1, 1, 'No', 'No', 'N/A', FALSE),
(50, 'Lucas Rafael Go Mendoza', 'Lucas Rafael', 'Mendoza', 'Go', 'Male', 'base64encodedimage', 'base64encodedfingerprint', '2019-02-10', 'Single', 1, 1, 2, 1, 1, 'Yes', 'No', 'N/A', FALSE),
(51, 'Sophie Alexandra Chua Reyes', 'Sophie Alexandra', 'Reyes', 'Chua', 'Female', 'base64encodedimage', 'base64encodedfingerprint', '2007-09-03', 'Single', 4, 1, 2, 2, 1, 'No', 'No', 'N/A', FALSE),
(52, 'Nathan Daniel Sy Cruz', 'Nathan Daniel', 'Cruz', 'Sy', 'Male', 'base64encodedimage', 'base64encodedfingerprint', '2017-06-18', 'Single', 2, 1, 1, 1, 1, 'No', 'No', 'N/A', FALSE),
(53, 'Emma Patricia Lao Garcia', 'Emma Patricia', 'Garcia', 'Lao', 'Female', 'base64encodedimage', 'base64encodedfingerprint', '2010-12-05', 'Single', 3, 1, 1, 1, 1, 'No', 'No', 'N/A', FALSE),
(54, 'Christian James Ong Santos', 'Christian James', 'Santos', 'Ong', 'Male', 'base64encodedimage', 'base64encodedfingerprint', '2014-04-22', 'Single', 2, 1, 2, 3, 1, 'No', 'No', 'N/A', FALSE),
(55, 'Sophia Marie Que Tan', 'Sophia Marie', 'Tan', 'Que', 'Female', 'base64encodedimage', 'base64encodedfingerprint', '2016-10-15', 'Single', 2, 1, 1, 1, 1, 'No', 'No', 'N/A', FALSE);

-- Insert contacts for the residents
INSERT INTO contacts (resident_id, email, mobile) VALUES
(2, 'angelo.reyes@email.com', '09123456789'),
(3, 'isabella.tan@email.com', '09234567890'),
(4, 'gabriel.cruz@email.com', '09345678901'),
(5, 'sofia.pascual@email.com', '09456789012'),
(6, 'rafael.santos@email.com', '09567890123'),
(7, 'samantha.garcia@email.com', '09678901234'),
(8, 'marco.lee@email.com', '09789012345'),
(9, 'jana.lim@email.com', '09890123456'),
(10, 'christian.mendoza@email.com', '09901234567'),
(11, 'sophia.santos@email.com', '09112233445'),
(12, 'lucas.reyes@email.com', '09223344556'),
(13, 'arabella.cruz@email.com', '09334455667'),
(14, 'ethan.tan@email.com', '09445566778'),
(15, 'katrina.garcia@email.com', '09556677889'),
(16, 'adrian.pascual@email.com', '09667788990'),
(17, 'bianca.lim@email.com', '09778899001'),
(18, 'carlos.reyes@email.com', '09889900112'),
(19, 'diana.garcia@email.com', '09990011223'),
(20, 'emmanuel.santos@email.com', '09100112233'),
(21, 'frances.cruz@email.com', '09211223344'),
(22, 'gerald.tan@email.com', '09322334455'),
(23, 'hannah.lopez@email.com', '09433445566'),
(24, 'ian.reyes@email.com', '09544556677'),
(25, 'julia.santos@email.com', '09655667788'),
(26, 'kenneth.garcia@email.com', '09766778899'),
(27, 'leah.cruz@email.com', '09877889900'),
(28, 'marcus.tan@email.com', '09988990011'),
(29, 'nicole.reyes@email.com', '09199001122'),
(30, 'oscar.santos@email.com', '09200112233'),
(31, 'patricia.mendoza@email.com', '09311223344'),
(32, 'quincy.garcia@email.com', '09422334455'),
(33, 'rachel.santos@email.com', '09533445566'),
(34, 'sebastian.cruz@email.com', '09644556677'),
(35, 'theresa.reyes@email.com', '09755667788'),
(36, 'ulysses.tan@email.com', '09866778899'),
(37, 'victoria.lopez@email.com', '09977889900'),
(38, 'william.garcia@email.com', '09188990011'),
(39, 'xyra.santos@email.com', '09299001122'),
(40, 'zachary.reyes@email.com', '09300112233'),
(41, 'abigail.cruz@email.com', '09411223344'),
(42, 'benjamin.tan@email.com', '09522334455'),
(43, 'camille.garcia@email.com', '09633445566'),
(44, 'dominic.santos@email.com', '09744556677'),
(45, 'eleanor.lopez@email.com', '09855667788'),
(46, 'parent.reyes@email.com', '09123456701'),
(47, 'parent.tan@email.com', '09123456702'),
(48, 'parent.garcia@email.com', '09123456703'),
(49, 'parent.santos@email.com', '09123456704'),
(50, 'parent.mendoza@email.com', '09123456705'),
(51, 'parent.reyes@email.com', '09123456706'),
(52, 'parent.cruz@email.com', '09123456707'),
(53, 'parent.garcia@email.com', '09123456708'),
(54, 'parent.santos@email.com', '09123456709'),
(55, 'parent.tan@email.com', '09123456710');

-- Insert addresses for the residents
INSERT INTO addresses (resident_id, house_number, street_id, barangay_id, municipality_id, province_id, postal_code) VALUES
(2, '123', FLOOR(RAND() * 6) + 1, 1, 1, 1, '3017'),
(3, '456', FLOOR(RAND() * 6) + 1, 1, 1, 1, '3017'),
(4, '789', FLOOR(RAND() * 6) + 1, 1, 1, 1, '3017'),
(5, '101', FLOOR(RAND() * 6) + 1, 1, 1, 1, '3017'),
(6, '202', FLOOR(RAND() * 6) + 1, 1, 1, 1, '3017'),
(7, '303', FLOOR(RAND() * 6) + 1, 1, 1, 1, '3017'),
(8, '404', FLOOR(RAND() * 6) + 1, 1, 1, 1, '3017'),
(9, '505', FLOOR(RAND() * 6) + 1, 1, 1, 1, '3017'),
(10, '606', FLOOR(RAND() * 6) + 1, 1, 1, 1, '3017'),
(11, '707', FLOOR(RAND() * 6) + 1, 1, 1, 1, '3017'),
(12, '808', FLOOR(RAND() * 6) + 1, 1, 1, 1, '3017'),
(13, '909', FLOOR(RAND() * 6) + 1, 1, 1, 1, '3017'),
(14, '111', FLOOR(RAND() * 6) + 1, 1, 1, 1, '3017'),
(15, '222', FLOOR(RAND() * 6) + 1, 1, 1, 1, '3017'),
(16, '333', FLOOR(RAND() * 6) + 1, 1, 1, 1, '3017'),
(17, '444', FLOOR(RAND() * 6) + 1, 1, 1, 1, '3017'),
(18, '555', FLOOR(RAND() * 6) + 1, 1, 1, 1, '3017'),
(19, '666', FLOOR(RAND() * 6) + 1, 1, 1, 1, '3017'),
(20, '777', FLOOR(RAND() * 6) + 1, 1, 1, 1, '3017'),
(21, '888', FLOOR(RAND() * 6) + 1, 1, 1, 1, '3017'),
(22, '999', FLOOR(RAND() * 6) + 1, 1, 1, 1, '3017'),
(23, '112', FLOOR(RAND() * 6) + 1, 1, 1, 1, '3017'),
(24, '223', FLOOR(RAND() * 6) + 1, 1, 1, 1, '3017'),
(25, '334', FLOOR(RAND() * 6) + 1, 1, 1, 1, '3017'),
(26, '445', FLOOR(RAND() * 6) + 1, 1, 1, 1, '3017'),
(27, '556', FLOOR(RAND() * 6) + 1, 1, 1, 1, '3017'),
(28, '667', FLOOR(RAND() * 6) + 1, 1, 1, 1, '3017'),
(29, '778', FLOOR(RAND() * 6) + 1, 1, 1, 1, '3017'),
(30, '889', FLOOR(RAND() * 6) + 1, 1, 1, 1, '3017'),
(31, '113', FLOOR(RAND() * 6) + 1, 1, 1, 1, '3017'),
(32, '224', FLOOR(RAND() * 6) + 1, 1, 1, 1, '3017'),
(33, '335', FLOOR(RAND() * 6) + 1, 1, 1, 1, '3017'),
(34, '446', FLOOR(RAND() * 6) + 1, 1, 1, 1, '3017'),
(35, '557', FLOOR(RAND() * 6) + 1, 1, 1, 1, '3017'),
(36, '668', FLOOR(RAND() * 6) + 1, 1, 1, 1, '3017'),
(37, '779', FLOOR(RAND() * 6) + 1, 1, 1, 1, '3017'),
(38, '880', FLOOR(RAND() * 6) + 1, 1, 1, 1, '3017'),
(39, '114', FLOOR(RAND() * 6) + 1, 1, 1, 1, '3017'),
(40, '225', FLOOR(RAND() * 6) + 1, 1, 1, 1, '3017'),
(41, '336', FLOOR(RAND() * 6) + 1, 1, 1, 1, '3017'),
(42, '447', FLOOR(RAND() * 6) + 1, 1, 1, 1, '3017'),
(43, '558', FLOOR(RAND() * 6) + 1, 1, 1, 1, '3017'),
(44, '669', FLOOR(RAND() * 6) + 1, 1, 1, 1, '3017'),
(45, '770', FLOOR(RAND() * 6) + 1, 1, 1, 1, '3017'),
(46, '881', FLOOR(RAND() * 6) + 1, 1, 1, 1, '3017'),
(47, '882', FLOOR(RAND() * 6) + 1, 1, 1, 1, '3017'),
(48, '883', FLOOR(RAND() * 6) + 1, 1, 1, 1, '3017'),
(49, '884', FLOOR(RAND() * 6) + 1, 1, 1, 1, '3017'),
(50, '885', FLOOR(RAND() * 6) + 1, 1, 1, 1, '3017'),
(51, '886', FLOOR(RAND() * 6) + 1, 1, 1, 1, '3017'),
(52, '887', FLOOR(RAND() * 6) + 1, 1, 1, 1, '3017'),
(53, '888', FLOOR(RAND() * 6) + 1, 1, 1, 1, '3017'),
(54, '889', FLOOR(RAND() * 6) + 1, 1, 1, 1, '3017'),
(55, '890', FLOOR(RAND() * 6) + 1, 1, 1, 1, '3017');


-- Complete household information records
INSERT INTO household_information (resident_id, isHouseholdHead, childrenCount, usageIodized, usageFortifiedRice, type_of_housing, housing_status, water_source, toilet_type) VALUES
(2, 'No', 0, 'Yes', 'Yes', 'Concrete', 'Owned', 'Water District', 'Water Sealed'),
(3, 'Yes', 2, 'Yes', 'Yes', 'Concrete', 'Owned', 'Water District', 'Water Sealed'),
(4, 'No', 0, 'Yes', 'Yes', 'Semi-Concrete', 'Rented', 'Water District', 'Water Sealed'),
(5, 'Yes', 1, 'Yes', 'Yes', 'Concrete', 'Owned', 'Water District', 'Water Sealed'),
(6, 'Yes', 3, 'Yes', 'Yes', 'Concrete', 'Owned', 'Water District', 'Water Sealed'),
(7, 'No', 0, 'Yes', 'Yes', 'Semi-Concrete', 'Living with Parents', 'Water District', 'Water Sealed'),
(8, 'Yes', 2, 'Yes', 'Yes', 'Concrete', 'Owned', 'Water District', 'Water Sealed'),
(9, 'No', 0, 'Yes', 'No', 'Concrete', 'Rented', 'Water District', 'Water Sealed'),
(10, 'Yes', 1, 'Yes', 'Yes', 'Concrete', 'Owned', 'Water District', 'Water Sealed'),
(11, 'No', 0, 'Yes', 'Yes', 'Semi-Concrete', 'Living with Parents', 'Deep Well', 'Water Sealed'),
(12, 'Yes', 2, 'Yes', 'Yes', 'Concrete', 'Owned', 'Water District', 'Water Sealed'),
(13, 'No', 0, 'Yes', 'Yes', 'Concrete', 'Living with Parents', 'Water District', 'Water Sealed'),
(14, 'Yes', 3, 'Yes', 'Yes', 'Concrete', 'Owned', 'Water District', 'Water Sealed'),
(15, 'No', 0, 'Yes', 'No', 'Semi-Concrete', 'Rented', 'Deep Well', 'Water Sealed'),
(16, 'Yes', 2, 'Yes', 'Yes', 'Concrete', 'Owned', 'Water District', 'Water Sealed'),
(17, 'No', 0, 'Yes', 'Yes', 'Semi-Concrete', 'Living with Parents', 'Water District', 'Water Sealed'),
(18, 'Yes', 1, 'Yes', 'Yes', 'Concrete', 'Owned', 'Deep Well', 'Water Sealed'),
(19, 'No', 0, 'Yes', 'Yes', 'Semi-Concrete', 'Rented', 'Water District', 'Water Sealed'),
(20, 'Yes', 2, 'Yes', 'Yes', 'Concrete', 'Owned', 'Water District', 'Water Sealed'),
(21, 'No', 0, 'Yes', 'No', 'Concrete', 'Living with Parents', 'Water District', 'Water Sealed'),
(22, 'Yes', 3, 'Yes', 'Yes', 'Concrete', 'Owned', 'Water District', 'Water Sealed'),
(23, 'No', 0, 'Yes', 'Yes', 'Semi-Concrete', 'Rented', 'Deep Well', 'Water Sealed'),
(24, 'Yes', 1, 'Yes', 'Yes', 'Concrete', 'Owned', 'Water District', 'Water Sealed'),
(25, 'No', 0, 'Yes', 'Yes', 'Semi-Concrete', 'Living with Parents', 'Water District', 'Water Sealed'),
(26, 'Yes', 2, 'Yes', 'Yes', 'Concrete', 'Owned', 'Water District', 'Water Sealed'),
(27, 'No', 0, 'Yes', 'No', 'Concrete', 'Rented', 'Deep Well', 'Water Sealed'),
(28, 'Yes', 3, 'Yes', 'Yes', 'Concrete', 'Owned', 'Water District', 'Water Sealed'),
(29, 'No', 0, 'Yes', 'Yes', 'Semi-Concrete', 'Living with Parents', 'Water District', 'Water Sealed'),
(30, 'Yes', 2, 'Yes', 'Yes', 'Concrete', 'Owned', 'Water District', 'Water Sealed'),
(31, 'No', 0, 'Yes', 'Yes', 'Semi-Concrete', 'Rented', 'Deep Well', 'Water Sealed'),
(32, 'Yes', 1, 'Yes', 'Yes', 'Concrete', 'Owned', 'Water District', 'Water Sealed'),
(33, 'No', 0, 'Yes', 'No', 'Concrete', 'Living with Parents', 'Water District', 'Water Sealed'),
(34, 'Yes', 2, 'Yes', 'Yes', 'Concrete', 'Owned', 'Water District', 'Water Sealed'),
(35, 'No', 0, 'Yes', 'Yes', 'Semi-Concrete', 'Rented', 'Deep Well', 'Water Sealed'),
(36, 'Yes', 3, 'Yes', 'Yes', 'Concrete', 'Owned', 'Water District', 'Water Sealed'),
(37, 'No', 0, 'Yes', 'Yes', 'Semi-Concrete', 'Living with Parents', 'Water District', 'Water Sealed'),
(38, 'Yes', 2, 'Yes', 'Yes', 'Concrete', 'Owned', 'Water District', 'Water Sealed'),
(39, 'No', 0, 'Yes', 'No', 'Concrete', 'Rented', 'Deep Well', 'Water Sealed'),
(40, 'Yes', 1, 'Yes', 'Yes', 'Concrete', 'Owned', 'Water District', 'Water Sealed'),
(41, 'No', 0, 'Yes', 'Yes', 'Semi-Concrete', 'Living with Parents', 'Water District', 'Water Sealed'),
(42, 'Yes', 2, 'Yes', 'Yes', 'Concrete', 'Owned', 'Water District', 'Water Sealed'),
(43, 'No', 0, 'Yes', 'Yes', 'Semi-Concrete', 'Rented', 'Deep Well', 'Water Sealed'),
(44, 'Yes', 1, 'Yes', 'Yes', 'Concrete', 'Owned', 'Water District', 'Water Sealed'),
(45, 'No', 0, 'Yes', 'No', 'Concrete', 'Living with Parents', 'Water District', 'Water Sealed'),
(46, 'No', 0, 'Yes', 'Yes', 'Concrete', 'Living with Parents', 'Water District', 'Water Sealed'),
(47, 'No', 0, 'Yes', 'Yes', 'Concrete', 'Living with Parents', 'Water District', 'Water Sealed'),
(48, 'No', 0, 'Yes', 'Yes', 'Concrete', 'Living with Parents', 'Water District', 'Water Sealed'),
(49, 'No', 0, 'Yes', 'Yes', 'Concrete', 'Living with Parents', 'Water District', 'Water Sealed'),
(50, 'No', 0, 'Yes', 'Yes', 'Concrete', 'Living with Parents', 'Water District', 'Water Sealed'),
(51, 'No', 0, 'Yes', 'Yes', 'Concrete', 'Living with Parents', 'Deep Well', 'Water Sealed'),
(52, 'No', 0, 'Yes', 'Yes', 'Concrete', 'Living with Parents', 'Water District', 'Water Sealed'),
(53, 'No', 0, 'Yes', 'Yes', 'Concrete', 'Living with Parents', 'Water District', 'Water Sealed'),
(54, 'No', 0, 'Yes', 'Yes', 'Concrete', 'Living with Parents', 'Water District', 'Water Sealed'),
(55, 'No', 0, 'Yes', 'Yes', 'Concrete', 'Living with Parents', 'Deep Well', 'Water Sealed');

-- Complete family health status records
INSERT INTO family_health_status (resident_id, is_family_planning, family_planning_method, is_pregnant, is_lactating, nursing_method) VALUES
(2, 'No', 'N/A', 'No', 'No', 'N/A'),
(3, 'Yes', 'Pills', 'No', 'No', 'N/A'),
(4, 'No', 'N/A', 'No', 'No', 'N/A'),
(5, 'Yes', 'IUD', 'No', 'Yes', 'Breastfeeding'),
(6, 'No', 'N/A', 'No', 'No', 'N/A'),
(7, 'Yes', 'Injectable', 'No', 'No', 'N/A'),
(8, 'No', 'N/A', 'No', 'No', 'N/A'),
(9, 'Yes', 'Pills', 'No', 'No', 'N/A'),
(10, 'No', 'N/A', 'No', 'No', 'N/A'),
(11, 'Yes', 'Injectable', 'No', 'No', 'N/A'),
(12, 'No', 'N/A', 'No', 'No', 'N/A'),
(13, 'Yes', 'Pills', 'No', 'No', 'N/A'),
(14, 'No', 'N/A', 'No', 'No', 'N/A'),
(15, 'Yes', 'IUD', 'No', 'No', 'N/A'),
(16, 'No', 'N/A', 'No', 'No', 'N/A'),
(17, 'Yes', 'Pills', 'No', 'No', 'N/A'),
(18, 'No', 'N/A', 'No', 'No', 'N/A'),
(19, 'Yes', 'Injectable', 'No', 'Yes', 'Breastfeeding'),
(20, 'No', 'N/A', 'No', 'No', 'N/A'),
(21, 'Yes', 'Pills', 'No', 'No', 'N/A'),
(22, 'No', 'N/A', 'No', 'No', 'N/A'),
(23, 'Yes', 'IUD', 'No', 'No', 'N/A'),
(24, 'No', 'N/A', 'No', 'No', 'N/A'),
(25, 'Yes', 'Injectable', 'No', 'No', 'N/A'),
(26, 'No', 'N/A', 'No', 'No', 'N/A'),
(27, 'Yes', 'Pills', 'No', 'Yes', 'Breastfeeding'),
(28, 'No', 'N/A', 'No', 'No', 'N/A'),
(29, 'Yes', 'IUD', 'No', 'No', 'N/A'),
(30, 'No', 'N/A', 'No', 'No', 'N/A'),
(31, 'Yes', 'Injectable', 'No', 'No', 'N/A'),
(32, 'No', 'N/A', 'No', 'No', 'N/A'),
(33, 'Yes', 'Pills', 'No', 'No', 'N/A'),
(34, 'No', 'N/A', 'No', 'No', 'N/A'),
(35, 'Yes', 'IUD', 'No', 'Yes', 'Breastfeeding'),
(36, 'No', 'N/A', 'No', 'No', 'N/A'),
(37, 'Yes', 'Injectable', 'No', 'No', 'N/A'),
(38, 'No', 'N/A', 'No', 'No', 'N/A'),
(39, 'Yes', 'Pills', 'No', 'No', 'N/A'),
(40, 'No', 'N/A', 'No', 'No', 'N/A'),
(41, 'Yes', 'IUD', 'No', 'No', 'N/A'),
(42, 'No', 'N/A', 'No', 'No', 'N/A'),
(43, 'Yes', 'Injectable', 'No', 'Yes', 'Breastfeeding'),
(44, 'No', 'N/A', 'No', 'No', 'N/A'),
(45, 'Yes', 'Pills', 'No', 'No', 'N/A'),
(46, 'No', 'N/A', 'No', 'No', 'N/A'),
(47, 'No', 'N/A', 'No', 'No', 'N/A'),
(48, 'No', 'N/A', 'No', 'No', 'N/A'),
(49, 'No', 'N/A', 'No', 'No', 'N/A'),
(50, 'No', 'N/A', 'No', 'No', 'N/A'),
(51, 'No', 'N/A', 'No', 'No', 'N/A'),
(52, 'No', 'N/A', 'No', 'No', 'N/A'),
(53, 'No', 'N/A', 'No', 'No', 'N/A'),
(54, 'No', 'N/A', 'No', 'No', 'N/A'),
(55, 'No', 'N/A', 'No', 'No', 'N/A');


